assesment_name,assesment_type,category,product_id,product_name,product_description
Social and Emotional Development,Basic,Novice,1,P1,None
Social and Emotional Development,Basic,Novice,2,P2,None
Social and Emotional Development,Basic,Novice,3,P3,None
Social and Emotional Development,Basic,Novice,4,P4,None
Social and Emotional Development,Basic,Novice,5,P5,None
Social and Emotional Development,Basic,Novice,6,P6,None
Social and Emotional Development,Basic,Novice,7,P7,None
Social and Emotional Development,Basic,Novice,8,P8,None
Social and Emotional Development,Basic,Novice,9,P9,None
Social and Emotional Development,Basic,Novice,10,P10,None
Social and Emotional Development,Basic,Developing,11,PP11,None
Social and Emotional Development,Basic,Developing,12,PP12,None
Social and Emotional Development,Basic,Developing,13,PP13,None
Social and Emotional Development,Basic,Developing,14,PP14,None
Social and Emotional Development,Basic,Developing,15,PP15,None
Social and Emotional Development,Basic,Developing,16,PP16,None
Social and Emotional Development,Basic,Developing,17,PP17,None
Social and Emotional Development,Basic,Developing,18,PP18,None
Social and Emotional Development,Basic,Developing,19,PP19,None
Social and Emotional Development,Basic,Developing,20,PP20,None
Social and Emotional Development,Basic,Proficient,21,PP21,None
Social and Emotional Development,Basic,Proficient,22,PP22,None
Social and Emotional Development,Basic,Proficient,23,PP23,None
Social and Emotional Development,Basic,Proficient,24,PP24,None
Social and Emotional Development,Basic,Proficient,25,PP25,None
Social and Emotional Development,Basic,Proficient,26,PP26,None
Social and Emotional Development,Basic,Proficient,27,PP27,None
Social and Emotional Development,Basic,Proficient,28,PP28,None
Social and Emotional Development,Basic,Proficient,29,PP29,None
Social and Emotional Development,Basic,Proficient,30,PP30,None
Social and Emotional Development,Advanced,Novice,31,PP31,None
Social and Emotional Development,Advanced,Novice,32,PP32,None
Social and Emotional Development,Advanced,Novice,33,PP33,None
Social and Emotional Development,Advanced,Novice,34,PP34,None
Social and Emotional Development,Advanced,Novice,35,PP35,None
Social and Emotional Development,Advanced,Novice,36,PP36,None
Social and Emotional Development,Advanced,Novice,37,PP37,None
Social and Emotional Development,Advanced,Novice,38,PP38,None
Social and Emotional Development,Advanced,Novice,39,PP39,None
Social and Emotional Development,Advanced,Novice,40,PP40,None
Social and Emotional Development,Advanced,Developing,41,PP41,None
Social and Emotional Development,Advanced,Developing,42,PP42,None
Social and Emotional Development,Advanced,Developing,43,PP43,None
Social and Emotional Development,Advanced,Developing,44,PP44,None
Social and Emotional Development,Advanced,Developing,45,PP45,None
Social and Emotional Development,Advanced,Developing,46,PP46,None
Social and Emotional Development,Advanced,Developing,47,PP47,None
Social and Emotional Development,Advanced,Developing,48,PP48,None
Social and Emotional Development,Advanced,Developing,49,PP49,None
Social and Emotional Development,Advanced,Developing,50,PP50,None
Social and Emotional Development,Advanced,Proficient,51,PP51,None
Social and Emotional Development,Advanced,Proficient,52,PP52,None
Social and Emotional Development,Advanced,Proficient,53,PP53,None
Social and Emotional Development,Advanced,Proficient,54,PP54,None
Social and Emotional Development,Advanced,Proficient,55,PP55,None
Social and Emotional Development,Advanced,Proficient,56,PP56,None
Social and Emotional Development,Advanced,Proficient,57,PP57,None
Social and Emotional Development,Advanced,Proficient,58,PP58,None
Social and Emotional Development,Advanced,Proficient,59,PP59,None
Social and Emotional Development,Advanced,Proficient,60,PP60,None
Motor Skills development,Basic,Novice,61,PP61,None
Motor Skills development,Basic,Novice,62,PP62,None
Motor Skills development,Basic,Novice,63,PP63,None
Motor Skills development,Basic,Novice,64,PP64,None
Motor Skills development,Basic,Novice,65,PP65,None
Motor Skills development,Basic,Novice,66,PP66,None
Motor Skills development,Basic,Novice,67,PP67,None
Motor Skills development,Basic,Novice,68,PP68,None
Motor Skills development,Basic,Novice,69,PP69,None
Motor Skills development,Basic,Novice,70,PP70,None
Motor Skills development,Basic,Developing,71,PP71,None
Motor Skills development,Basic,Developing,72,PP72,None
Motor Skills development,Basic,Developing,73,PP73,None
Motor Skills development,Basic,Developing,74,PP74,None
Motor Skills development,Basic,Developing,75,PP75,None
Motor Skills development,Basic,Developing,76,PP76,None
Motor Skills development,Basic,Developing,77,PP77,None
Motor Skills development,Basic,Developing,78,PP78,None
Motor Skills development,Basic,Developing,79,PP79,None
Motor Skills development,Basic,Developing,80,PP80,None
Motor Skills development,Basic,Proficient,81,PP81,None
Motor Skills development,Basic,Proficient,82,PP82,None
Motor Skills development,Basic,Proficient,83,PP83,None
Motor Skills development,Basic,Proficient,84,PP84,None
Motor Skills development,Basic,Proficient,85,PP85,None
Motor Skills development,Basic,Proficient,86,PP86,None
Motor Skills development,Basic,Proficient,87,PP87,None
Motor Skills development,Basic,Proficient,88,PP88,None
Motor Skills development,Basic,Proficient,89,PP89,None
Motor Skills development,Basic,Proficient,90,PP90,None
Motor Skills development,Advanced,Novice,91,PP91,None
Motor Skills development,Advanced,Novice,92,PP92,None
Motor Skills development,Advanced,Novice,93,PP93,None
Motor Skills development,Advanced,Novice,94,PP94,None
Motor Skills development,Advanced,Novice,95,PP95,None
Motor Skills development,Advanced,Novice,96,PP96,None
Motor Skills development,Advanced,Novice,97,PP97,None
Motor Skills development,Advanced,Novice,98,PP98,None
Motor Skills development,Advanced,Novice,99,PP99,None
Motor Skills development,Advanced,Novice,100,PP100,None
Motor Skills development,Advanced,Developing,101,PP101,None
Motor Skills development,Advanced,Developing,102,PP102,None
Motor Skills development,Advanced,Developing,103,PP103,None
Motor Skills development,Advanced,Developing,104,PP104,None
Motor Skills development,Advanced,Developing,105,PP105,None
Motor Skills development,Advanced,Developing,106,PP106,None
Motor Skills development,Advanced,Developing,107,PP107,None
Motor Skills development,Advanced,Developing,108,PP108,None
Motor Skills development,Advanced,Developing,109,PP109,None
Motor Skills development,Advanced,Developing,110,PP110,None
Motor Skills development,Advanced,Proficient,111,PP111,None
Motor Skills development,Advanced,Proficient,112,PP112,None
Motor Skills development,Advanced,Proficient,113,PP113,None
Motor Skills development,Advanced,Proficient,114,PP114,None
Motor Skills development,Advanced,Proficient,115,PP115,None
Motor Skills development,Advanced,Proficient,116,PP116,None
Motor Skills development,Advanced,Proficient,117,PP117,None
Motor Skills development,Advanced,Proficient,118,PP118,None
Motor Skills development,Advanced,Proficient,119,PP119,None
Motor Skills development,Advanced,Proficient,120,PP120,None
Discovery of the world,Basic,Novice,121,PP121,None
Discovery of the world,Basic,Novice,122,PP122,None
Discovery of the world,Basic,Novice,123,PP123,None
Discovery of the world,Basic,Novice,124,PP124,None
Discovery of the world,Basic,Novice,125,PP125,None
Discovery of the world,Basic,Novice,126,PP126,None
Discovery of the world,Basic,Novice,127,PP127,None
Discovery of the world,Basic,Novice,128,PP128,None
Discovery of the world,Basic,Novice,129,PP129,None
Discovery of the world,Basic,Novice,130,PP130,None
Discovery of the world,Basic,Developing,131,PP131,None
Discovery of the world,Basic,Developing,132,PP132,None
Discovery of the world,Basic,Developing,133,PP133,None
Discovery of the world,Basic,Developing,134,PP134,None
Discovery of the world,Basic,Developing,135,PP135,None
Discovery of the world,Basic,Developing,136,PP136,None
Discovery of the world,Basic,Developing,137,PP137,None
Discovery of the world,Basic,Developing,138,PP138,None
Discovery of the world,Basic,Developing,139,PP139,None
Discovery of the world,Basic,Developing,140,PP140,None
Discovery of the world,Basic,Proficient,141,PP141,None
Discovery of the world,Basic,Proficient,142,PP142,None
Discovery of the world,Basic,Proficient,143,PP143,None
Discovery of the world,Basic,Proficient,144,PP144,None
Discovery of the world,Basic,Proficient,145,PP145,None
Discovery of the world,Basic,Proficient,146,PP146,None
Discovery of the world,Basic,Proficient,147,PP147,None
Discovery of the world,Basic,Proficient,148,PP148,None
Discovery of the world,Basic,Proficient,149,PP149,None
Discovery of the world,Basic,Proficient,150,PP150,None
Discovery of the world,Advanced,Novice,151,PP151,None
Discovery of the world,Advanced,Novice,152,PP152,None
Discovery of the world,Advanced,Novice,153,PP153,None
Discovery of the world,Advanced,Novice,154,PP154,None
Discovery of the world,Advanced,Novice,155,PP155,None
Discovery of the world,Advanced,Novice,156,PP156,None
Discovery of the world,Advanced,Novice,157,PP157,None
Discovery of the world,Advanced,Novice,158,PP158,None
Discovery of the world,Advanced,Novice,159,PP159,None
Discovery of the world,Advanced,Novice,160,PP160,None
Discovery of the world,Advanced,Developing,161,PP161,None
Discovery of the world,Advanced,Developing,162,PP162,None
Discovery of the world,Advanced,Developing,163,PP163,None
Discovery of the world,Advanced,Developing,164,PP164,None
Discovery of the world,Advanced,Developing,165,PP165,None
Discovery of the world,Advanced,Developing,166,PP166,None
Discovery of the world,Advanced,Developing,167,PP167,None
Discovery of the world,Advanced,Developing,168,PP168,None
Discovery of the world,Advanced,Developing,169,PP169,None
Discovery of the world,Advanced,Developing,170,PP170,None
Discovery of the world,Advanced,Proficient,171,PP171,None
Discovery of the world,Advanced,Proficient,172,PP172,None
Discovery of the world,Advanced,Proficient,173,PP173,None
Discovery of the world,Advanced,Proficient,174,PP174,None
Discovery of the world,Advanced,Proficient,175,PP175,None
Discovery of the world,Advanced,Proficient,176,PP176,None
Discovery of the world,Advanced,Proficient,177,PP177,None
Discovery of the world,Advanced,Proficient,178,PP178,None
Discovery of the world,Advanced,Proficient,179,PP179,None
Discovery of the world,Advanced,Proficient,180,PP180,None
Aesthetics and Creative Expression,Basic,Novice,181,PP181,None
Aesthetics and Creative Expression,Basic,Novice,182,PP182,None
Aesthetics and Creative Expression,Basic,Novice,183,PP183,None
Aesthetics and Creative Expression,Basic,Novice,184,PP184,None
Aesthetics and Creative Expression,Basic,Novice,185,PP185,None
Aesthetics and Creative Expression,Basic,Novice,186,PP186,None
Aesthetics and Creative Expression,Basic,Novice,187,PP187,None
Aesthetics and Creative Expression,Basic,Novice,188,PP188,None
Aesthetics and Creative Expression,Basic,Novice,189,PP189,None
Aesthetics and Creative Expression,Basic,Novice,190,PP190,None
Aesthetics and Creative Expression,Basic,Developing,191,PP191,None
Aesthetics and Creative Expression,Basic,Developing,192,PP192,None
Aesthetics and Creative Expression,Basic,Developing,193,PP193,None
Aesthetics and Creative Expression,Basic,Developing,194,PP194,None
Aesthetics and Creative Expression,Basic,Developing,195,PP195,None
Aesthetics and Creative Expression,Basic,Developing,196,PP196,None
Aesthetics and Creative Expression,Basic,Developing,197,PP197,None
Aesthetics and Creative Expression,Basic,Developing,198,PP198,None
Aesthetics and Creative Expression,Basic,Developing,199,PP199,None
Aesthetics and Creative Expression,Basic,Developing,200,PP200,None
Aesthetics and Creative Expression,Basic,Proficient,201,PP201,None
Aesthetics and Creative Expression,Basic,Proficient,202,PP202,None
Aesthetics and Creative Expression,Basic,Proficient,203,PP203,None
Aesthetics and Creative Expression,Basic,Proficient,204,PP204,None
Aesthetics and Creative Expression,Basic,Proficient,205,PP205,None
Aesthetics and Creative Expression,Basic,Proficient,206,PP206,None
Aesthetics and Creative Expression,Basic,Proficient,207,PP207,None
Aesthetics and Creative Expression,Basic,Proficient,208,PP208,None
Aesthetics and Creative Expression,Basic,Proficient,209,PP209,None
Aesthetics and Creative Expression,Basic,Proficient,210,PP210,None
Aesthetics and Creative Expression,Advanced,Novice,211,PP211,None
Aesthetics and Creative Expression,Advanced,Novice,212,PP212,None
Aesthetics and Creative Expression,Advanced,Novice,213,PP213,None
Aesthetics and Creative Expression,Advanced,Novice,214,PP214,None
Aesthetics and Creative Expression,Advanced,Novice,215,PP215,None
Aesthetics and Creative Expression,Advanced,Novice,216,PP216,None
Aesthetics and Creative Expression,Advanced,Novice,217,PP217,None
Aesthetics and Creative Expression,Advanced,Novice,218,PP218,None
Aesthetics and Creative Expression,Advanced,Novice,219,PP219,None
Aesthetics and Creative Expression,Advanced,Novice,220,PP220,None
Aesthetics and Creative Expression,Advanced,Developing,221,PP221,None
Aesthetics and Creative Expression,Advanced,Developing,222,PP222,None
Aesthetics and Creative Expression,Advanced,Developing,223,PP223,None
Aesthetics and Creative Expression,Advanced,Developing,224,PP224,None
Aesthetics and Creative Expression,Advanced,Developing,225,PP225,None
Aesthetics and Creative Expression,Advanced,Developing,226,PP226,None
Aesthetics and Creative Expression,Advanced,Developing,227,PP227,None
Aesthetics and Creative Expression,Advanced,Developing,228,PP228,None
Aesthetics and Creative Expression,Advanced,Developing,229,PP229,None
Aesthetics and Creative Expression,Advanced,Developing,230,PP230,None
Aesthetics and Creative Expression,Advanced,Proficient,231,PP231,None
Aesthetics and Creative Expression,Advanced,Proficient,232,PP232,None
Aesthetics and Creative Expression,Advanced,Proficient,233,PP233,None
Aesthetics and Creative Expression,Advanced,Proficient,234,PP234,None
Aesthetics and Creative Expression,Advanced,Proficient,235,PP235,None
Aesthetics and Creative Expression,Advanced,Proficient,236,PP236,None
Aesthetics and Creative Expression,Advanced,Proficient,237,PP237,None
Aesthetics and Creative Expression,Advanced,Proficient,238,PP238,None
Aesthetics and Creative Expression,Advanced,Proficient,239,PP239,None
Aesthetics and Creative Expression,Advanced,Proficient,240,PP240,None
Language Development and Communication,Basic,Novice,241,PP241,None
Language Development and Communication,Basic,Novice,242,PP242,None
Language Development and Communication,Basic,Novice,243,PP243,None
Language Development and Communication,Basic,Novice,244,PP244,None
Language Development and Communication,Basic,Novice,245,PP245,None
Language Development and Communication,Basic,Novice,246,PP246,None
Language Development and Communication,Basic,Novice,247,PP247,None
Language Development and Communication,Basic,Novice,248,PP248,None
Language Development and Communication,Basic,Novice,249,PP249,None
Language Development and Communication,Basic,Novice,250,PP250,None
Language Development and Communication,Basic,Developing,251,PP251,None
Language Development and Communication,Basic,Developing,252,PP252,None
Language Development and Communication,Basic,Developing,253,PP253,None
Language Development and Communication,Basic,Developing,254,PP254,None
Language Development and Communication,Basic,Developing,255,PP255,None
Language Development and Communication,Basic,Developing,256,PP256,None
Language Development and Communication,Basic,Developing,257,PP257,None
Language Development and Communication,Basic,Developing,258,PP258,None
Language Development and Communication,Basic,Developing,259,PP259,None
Language Development and Communication,Basic,Developing,260,PP260,None
Language Development and Communication,Basic,Proficient,261,PP261,None
Language Development and Communication,Basic,Proficient,262,PP262,None
Language Development and Communication,Basic,Proficient,263,PP263,None
Language Development and Communication,Basic,Proficient,264,PP264,None
Language Development and Communication,Basic,Proficient,265,PP265,None
Language Development and Communication,Basic,Proficient,266,PP266,None
Language Development and Communication,Basic,Proficient,267,PP267,None
Language Development and Communication,Basic,Proficient,268,PP268,None
Language Development and Communication,Basic,Proficient,269,PP269,None
Language Development and Communication,Basic,Proficient,270,PP270,None
Language Development and Communication,Advanced,Novice,271,PP271,None
Language Development and Communication,Advanced,Novice,272,PP272,None
Language Development and Communication,Advanced,Novice,273,PP273,None
Language Development and Communication,Advanced,Novice,274,PP274,None
Language Development and Communication,Advanced,Novice,275,PP275,None
Language Development and Communication,Advanced,Novice,276,PP276,None
Language Development and Communication,Advanced,Novice,277,PP277,None
Language Development and Communication,Advanced,Novice,278,PP278,None
Language Development and Communication,Advanced,Novice,279,PP279,None
Language Development and Communication,Advanced,Novice,280,PP280,None
Language Development and Communication,Advanced,Developing,281,PP281,None
Language Development and Communication,Advanced,Developing,282,PP282,None
Language Development and Communication,Advanced,Developing,283,PP283,None
Language Development and Communication,Advanced,Developing,284,PP284,None
Language Development and Communication,Advanced,Developing,285,PP285,None
Language Development and Communication,Advanced,Developing,286,PP286,None
Language Development and Communication,Advanced,Developing,287,PP287,None
Language Development and Communication,Advanced,Developing,288,PP288,None
Language Development and Communication,Advanced,Developing,289,PP289,None
Language Development and Communication,Advanced,Developing,290,PP290,None
Language Development and Communication,Advanced,Proficient,291,PP291,None
Language Development and Communication,Advanced,Proficient,292,PP292,None
Language Development and Communication,Advanced,Proficient,293,PP293,None
Language Development and Communication,Advanced,Proficient,294,PP294,None
Language Development and Communication,Advanced,Proficient,295,PP295,None
Language Development and Communication,Advanced,Proficient,296,PP296,None
Language Development and Communication,Advanced,Proficient,297,PP297,None
Language Development and Communication,Advanced,Proficient,298,PP298,None
Language Development and Communication,Advanced,Proficient,299,PP299,None
Language Development and Communication,Advanced,Proficient,300,PP300,None
Critical Thinking and Numeracy,Basic,Novice,301,PP301,None
Critical Thinking and Numeracy,Basic,Novice,302,PP302,None
Critical Thinking and Numeracy,Basic,Novice,303,PP303,None
Critical Thinking and Numeracy,Basic,Novice,304,PP304,None
Critical Thinking and Numeracy,Basic,Novice,305,PP305,None
Critical Thinking and Numeracy,Basic,Novice,306,PP306,None
Critical Thinking and Numeracy,Basic,Novice,307,PP307,None
Critical Thinking and Numeracy,Basic,Novice,308,PP308,None
Critical Thinking and Numeracy,Basic,Novice,309,PP309,None
Critical Thinking and Numeracy,Basic,Novice,310,PP310,None
Critical Thinking and Numeracy,Basic,Developing,311,PP311,None
Critical Thinking and Numeracy,Basic,Developing,312,PP312,None
Critical Thinking and Numeracy,Basic,Developing,313,PP313,None
Critical Thinking and Numeracy,Basic,Developing,314,PP314,None
Critical Thinking and Numeracy,Basic,Developing,315,PP315,None
Critical Thinking and Numeracy,Basic,Developing,316,PP316,None
Critical Thinking and Numeracy,Basic,Developing,317,PP317,None
Critical Thinking and Numeracy,Basic,Developing,318,PP318,None
Critical Thinking and Numeracy,Basic,Developing,319,PP319,None
Critical Thinking and Numeracy,Basic,Developing,320,PP320,None
Critical Thinking and Numeracy,Basic,Proficient,321,PP321,None
Critical Thinking and Numeracy,Basic,Proficient,322,PP322,None
Critical Thinking and Numeracy,Basic,Proficient,323,PP323,None
Critical Thinking and Numeracy,Basic,Proficient,324,PP324,None
Critical Thinking and Numeracy,Basic,Proficient,325,PP325,None
Critical Thinking and Numeracy,Basic,Proficient,326,PP326,None
Critical Thinking and Numeracy,Basic,Proficient,327,PP327,None
Critical Thinking and Numeracy,Basic,Proficient,328,PP328,None
Critical Thinking and Numeracy,Basic,Proficient,329,PP329,None
Critical Thinking and Numeracy,Basic,Proficient,330,PP330,None
Critical Thinking and Numeracy,Advanced,Novice,331,PP331,None
Critical Thinking and Numeracy,Advanced,Novice,332,PP332,None
Critical Thinking and Numeracy,Advanced,Novice,333,PP333,None
Critical Thinking and Numeracy,Advanced,Novice,334,PP334,None
Critical Thinking and Numeracy,Advanced,Novice,335,PP335,None
Critical Thinking and Numeracy,Advanced,Novice,336,PP336,None
Critical Thinking and Numeracy,Advanced,Novice,337,PP337,None
Critical Thinking and Numeracy,Advanced,Novice,338,PP338,None
Critical Thinking and Numeracy,Advanced,Novice,339,PP339,None
Critical Thinking and Numeracy,Advanced,Novice,340,PP340,None
Critical Thinking and Numeracy,Advanced,Developing,341,PP341,None
Critical Thinking and Numeracy,Advanced,Developing,342,PP342,None
Critical Thinking and Numeracy,Advanced,Developing,343,PP343,None
Critical Thinking and Numeracy,Advanced,Developing,344,PP344,None
Critical Thinking and Numeracy,Advanced,Developing,345,PP345,None
Critical Thinking and Numeracy,Advanced,Developing,346,PP346,None
Critical Thinking and Numeracy,Advanced,Developing,347,PP347,None
Critical Thinking and Numeracy,Advanced,Developing,348,PP348,None
Critical Thinking and Numeracy,Advanced,Developing,349,PP349,None
Critical Thinking and Numeracy,Advanced,Developing,350,PP350,None
Critical Thinking and Numeracy,Advanced,Proficient,351,PP351,None
Critical Thinking and Numeracy,Advanced,Proficient,352,PP352,None
Critical Thinking and Numeracy,Advanced,Proficient,353,PP353,None
Critical Thinking and Numeracy,Advanced,Proficient,354,PP354,None
Critical Thinking and Numeracy,Advanced,Proficient,355,PP355,None
Critical Thinking and Numeracy,Advanced,Proficient,356,PP356,None
Critical Thinking and Numeracy,Advanced,Proficient,357,PP357,None
Critical Thinking and Numeracy,Advanced,Proficient,358,PP358,None
Critical Thinking and Numeracy,Advanced,Proficient,359,PP359,None
Critical Thinking and Numeracy,Advanced,Proficient,360,PP360,None
Perseverance,Basic,Novice,361,PP361,None
Perseverance,Basic,Novice,362,PP362,None
Perseverance,Basic,Novice,363,PP363,None
Perseverance,Basic,Novice,364,PP364,None
Perseverance,Basic,Novice,365,PP365,None
Perseverance,Basic,Novice,366,PP366,None
Perseverance,Basic,Novice,367,PP367,None
Perseverance,Basic,Novice,368,PP368,None
Perseverance,Basic,Novice,369,PP369,None
Perseverance,Basic,Novice,370,PP370,None
Perseverance,Basic,Developing,371,PP371,None
Perseverance,Basic,Developing,372,PP372,None
Perseverance,Basic,Developing,373,PP373,None
Perseverance,Basic,Developing,374,PP374,None
Perseverance,Basic,Developing,375,PP375,None
Perseverance,Basic,Developing,376,PP376,None
Perseverance,Basic,Developing,377,PP377,None
Perseverance,Basic,Developing,378,PP378,None
Perseverance,Basic,Developing,379,PP379,None
Perseverance,Basic,Developing,380,PP380,None
Perseverance,Basic,Proficient,381,PP381,None
Perseverance,Basic,Proficient,382,PP382,None
Perseverance,Basic,Proficient,383,PP383,None
Perseverance,Basic,Proficient,384,PP384,None
Perseverance,Basic,Proficient,385,PP385,None
Perseverance,Basic,Proficient,386,PP386,None
Perseverance,Basic,Proficient,387,PP387,None
Perseverance,Basic,Proficient,388,PP388,None
Perseverance,Basic,Proficient,389,PP389,None
Perseverance,Basic,Proficient,390,PP390,None
Perseverance,Advanced,Novice,391,PP391,None
Perseverance,Advanced,Novice,392,PP392,None
Perseverance,Advanced,Novice,393,PP393,None
Perseverance,Advanced,Novice,394,PP394,None
Perseverance,Advanced,Novice,395,PP395,None
Perseverance,Advanced,Novice,396,PP396,None
Perseverance,Advanced,Novice,397,PP397,None
Perseverance,Advanced,Novice,398,PP398,None
Perseverance,Advanced,Novice,399,PP399,None
Perseverance,Advanced,Novice,400,PP400,None
Perseverance,Advanced,Developing,401,PP401,None
Perseverance,Advanced,Developing,402,PP402,None
Perseverance,Advanced,Developing,403,PP403,None
Perseverance,Advanced,Developing,404,PP404,None
Perseverance,Advanced,Developing,405,PP405,None
Perseverance,Advanced,Developing,406,PP406,None
Perseverance,Advanced,Developing,407,PP407,None
Perseverance,Advanced,Developing,408,PP408,None
Perseverance,Advanced,Developing,409,PP409,None
Perseverance,Advanced,Developing,410,PP410,None
Perseverance,Advanced,Proficient,411,PP411,None
Perseverance,Advanced,Proficient,412,PP412,None
Perseverance,Advanced,Proficient,413,PP413,None
Perseverance,Advanced,Proficient,414,PP414,None
Perseverance,Advanced,Proficient,415,PP415,None
Perseverance,Advanced,Proficient,416,PP416,None
Perseverance,Advanced,Proficient,417,PP417,None
Perseverance,Advanced,Proficient,418,PP418,None
Perseverance,Advanced,Proficient,419,PP419,None
Perseverance,Advanced,Proficient,420,PP420,None
Sense of wonder and excitement,Basic,Novice,421,PP421,None
Sense of wonder and excitement,Basic,Novice,422,PP422,None
Sense of wonder and excitement,Basic,Novice,423,PP423,None
Sense of wonder and excitement,Basic,Novice,424,PP424,None
Sense of wonder and excitement,Basic,Novice,425,PP425,None
Sense of wonder and excitement,Basic,Novice,426,PP426,None
Sense of wonder and excitement,Basic,Novice,427,PP427,None
Sense of wonder and excitement,Basic,Novice,428,PP428,None
Sense of wonder and excitement,Basic,Novice,429,PP429,None
Sense of wonder and excitement,Basic,Novice,430,PP430,None
Sense of wonder and excitement,Basic,Developing,431,PP431,None
Sense of wonder and excitement,Basic,Developing,432,PP432,None
Sense of wonder and excitement,Basic,Developing,433,PP433,None
Sense of wonder and excitement,Basic,Developing,434,PP434,None
Sense of wonder and excitement,Basic,Developing,435,PP435,None
Sense of wonder and excitement,Basic,Developing,436,PP436,None
Sense of wonder and excitement,Basic,Developing,437,PP437,None
Sense of wonder and excitement,Basic,Developing,438,PP438,None
Sense of wonder and excitement,Basic,Developing,439,PP439,None
Sense of wonder and excitement,Basic,Developing,440,PP440,None
Sense of wonder and excitement,Basic,Proficient,441,PP441,None
Sense of wonder and excitement,Basic,Proficient,442,PP442,None
Sense of wonder and excitement,Basic,Proficient,443,PP443,None
Sense of wonder and excitement,Basic,Proficient,444,PP444,None
Sense of wonder and excitement,Basic,Proficient,445,PP445,None
Sense of wonder and excitement,Basic,Proficient,446,PP446,None
Sense of wonder and excitement,Basic,Proficient,447,PP447,None
Sense of wonder and excitement,Basic,Proficient,448,PP448,None
Sense of wonder and excitement,Basic,Proficient,449,PP449,None
Sense of wonder and excitement,Basic,Proficient,450,PP450,None
Sense of wonder and excitement,Advanced,Novice,451,PP451,None
Sense of wonder and excitement,Advanced,Novice,452,PP452,None
Sense of wonder and excitement,Advanced,Novice,453,PP453,None
Sense of wonder and excitement,Advanced,Novice,454,PP454,None
Sense of wonder and excitement,Advanced,Novice,455,PP455,None
Sense of wonder and excitement,Advanced,Novice,456,PP456,None
Sense of wonder and excitement,Advanced,Novice,457,PP457,None
Sense of wonder and excitement,Advanced,Novice,458,PP458,None
Sense of wonder and excitement,Advanced,Novice,459,PP459,None
Sense of wonder and excitement,Advanced,Novice,460,PP460,None
Sense of wonder and excitement,Advanced,Developing,461,PP461,None
Sense of wonder and excitement,Advanced,Developing,462,PP462,None
Sense of wonder and excitement,Advanced,Developing,463,PP463,None
Sense of wonder and excitement,Advanced,Developing,464,PP464,None
Sense of wonder and excitement,Advanced,Developing,465,PP465,None
Sense of wonder and excitement,Advanced,Developing,466,PP466,None
Sense of wonder and excitement,Advanced,Developing,467,PP467,None
Sense of wonder and excitement,Advanced,Developing,468,PP468,None
Sense of wonder and excitement,Advanced,Developing,469,PP469,None
Sense of wonder and excitement,Advanced,Developing,470,PP470,None
Sense of wonder and excitement,Advanced,Proficient,471,PP471,None
Sense of wonder and excitement,Advanced,Proficient,472,PP472,None
Sense of wonder and excitement,Advanced,Proficient,473,PP473,None
Sense of wonder and excitement,Advanced,Proficient,474,PP474,None
Sense of wonder and excitement,Advanced,Proficient,475,PP475,None
Sense of wonder and excitement,Advanced,Proficient,476,PP476,None
Sense of wonder and excitement,Advanced,Proficient,477,PP477,None
Sense of wonder and excitement,Advanced,Proficient,478,PP478,None
Sense of wonder and excitement,Advanced,Proficient,479,PP479,None
Sense of wonder and excitement,Advanced,Proficient,480,PP480,None
Mental Ability,Basic,Novice,481,PP481: Fundamentals of Math: A Primer,Acquire a comprehensive understanding of the fundamentals of mathematics with all the essential knowledge at your fingertips.
Mental Ability,Basic,Novice,482,PP482: Essential Math Concepts Demystified,Unlock the essentials of mathematics with a complete guide covering everything you need to know about the basics.
Mental Ability,Basic,Novice,483,PP483: Mathematics Basics Explained Simply,"Dive into the world of mathematics with a detailed exploration, providing you with all the necessary information on the basics."
Mental Ability,Basic,Novice,484,PP484: Math Essentials Unveiled,Master the basics of mathematics effortlessly with an all-encompassing guide designed to cover every essential concept.
Mental Ability,Basic,Novice,485,PP485: Basic Numerical Understanding Course,Equip yourself with a solid foundation in mathematics by delving into this comprehensive resource that covers all the basics.
Mental Ability,Basic,Novice,486,PP486: Foundation of Mathematics Mastery,"Explore the basics of mathematics in-depth, ensuring you have a thorough grasp of fundamental concepts with this comprehensive guide."
Mental Ability,Basic,Novice,487,PP487: Mathematics 101: A Beginner's Guide,Gain a thorough comprehension of the basics of mathematics through this exhaustive resource that covers every essential topic.
Mental Ability,Basic,Novice,488,PP488: Unlocking Basic Math Principles,"Access a complete overview of mathematical basics, providing you with all the information you need to build a strong foundation."
Mental Ability,Basic,Novice,489,PP489: The ABCs of Mathematics,"Immerse yourself in a detailed exploration of mathematical fundamentals, offering all the key insights you need to know."
Mental Ability,Basic,Novice,490,PP490: Core Math Concepts for Beginners,"Grasp the essentials of mathematics with this comprehensive guide, covering everything you need to know about the basics in a clear and concise manner."
Mental Ability,Basic,Developing,491,PP491: Intermediate Math Mastery,Unlock the essentials of mathematics with a complete guide covering everything you need to know about the basics.
Mental Ability,Basic,Developing,492,PP492: Math Advancement: Intermediate Level,"Dive into the world of mathematics with a detailed exploration, providing you with all the necessary information on the basics."
Mental Ability,Basic,Developing,493,PP493: Bridging Math Gaps: Intermediate Edition,Master the basics of mathematics effortlessly with an all-encompassing guide designed to cover every essential concept.
Mental Ability,Basic,Developing,494,PP494: Progressive Mathematics Proficiency,Equip yourself with a solid foundation in mathematics by delving into this comprehensive resource that covers all the basics.
Mental Ability,Basic,Developing,495,PP495: Intermediate Math Explorer,"Explore the basics of mathematics in-depth, ensuring you have a thorough grasp of fundamental concepts with this comprehensive guide."
Mental Ability,Basic,Developing,496,PP496: Math Beyond Basics: Intermediate Insights,Gain a thorough comprehension of the basics of mathematics through this exhaustive resource that covers every essential topic.
Mental Ability,Basic,Developing,497,PP497: Advanced Numerical Fluency Course,Master the basics of mathematics effortlessly with an all-encompassing guide designed to cover every essential concept.
Mental Ability,Basic,Developing,498,PP498: Building Blocks of Intermediate Mathematics,Equip yourself with a solid foundation in mathematics by delving into this comprehensive resource that covers all the basics.
Mental Ability,Basic,Developing,499,PP499: Math Transition: Intermediate Level,"Explore the basics of mathematics in-depth, ensuring you have a thorough grasp of fundamental concepts with this comprehensive guide."
Mental Ability,Basic,Developing,500,PP500: The Intermediate Math Blueprint,Gain a thorough comprehension of the basics of mathematics through this exhaustive resource that covers every essential topic.
Mental Ability,Basic,Proficient,501,PP501: Advanced Fundamentals in Mathematics,"Access a complete overview of mathematical basics, providing you with all the information you need to build a strong foundation."
Mental Ability,Basic,Proficient,502,PP502: Mastering Core Concepts: Advanced Basics,"Immerse yourself in a detailed exploration of mathematical fundamentals, offering all the key insights you need to know."
Mental Ability,Basic,Proficient,503,PP503: Mathematics Essentials at an Advanced Level,"Grasp the essentials of mathematics with this comprehensive guide, covering everything you need to know about the basics in a clear and concise manner."
Mental Ability,Basic,Proficient,504,PP504: Advanced Mathematical Foundations,"Access a complete overview of mathematical basics, providing you with all the information you need to build a strong foundation."
Mental Ability,Basic,Proficient,505,PP505: Profound Basics: Mathematics at an Advanced Stage,"Immerse yourself in a detailed exploration of mathematical fundamentals, offering all the key insights you need to know."
Mental Ability,Basic,Proficient,506,PP506: Advanced Numerical Principles Unleashed,"Grasp the essentials of mathematics with this comprehensive guide, covering everything you need to know about the basics in a clear and concise manner."
Mental Ability,Basic,Proficient,507,PP507: Next-Level Basics: Advanced Math Proficiency,Unlock the essentials of mathematics with a complete guide covering everything you need to know about the basics.
Mental Ability,Basic,Proficient,508,PP508: Elevated Mathematical Fundamentals,"Dive into the world of mathematics with a detailed exploration, providing you with all the necessary information on the basics."
Mental Ability,Basic,Proficient,509,PP509: Advanced Core Math Mastery,"Dive into the world of mathematics with a detailed exploration, providing you with all the necessary information on the basics."
Mental Ability,Basic,Proficient,510,PP510: Math Excellence: Beyond the Basics,Master the basics of mathematics effortlessly with an all-encompassing guide designed to cover every essential concept.
Mental Ability,Advanced,Novice,511,PP511: Math Mystique: Unveiling Quantitative Tricks,Ace your Analytical Ability with Amazing Techniques!
Mental Ability,Advanced,Novice,512,PP512: Quantitative Enigma: Masterful Math Tricks,Develop your logical reasoning skills and IQ with me. Prepare yourself for banking and competitions
Mental Ability,Advanced,Novice,513,PP513: Quick Math Tricks: Quantitative Wizard,Ace your Analytical Ability with Amazing Techniques!
Mental Ability,Advanced,Novice,514,PP514: Math Marvels: Unlocking Quantitative Secrets,Develop your logical reasoning skills and IQ with me. Prepare yourself for banking and competitions
Mental Ability,Advanced,Novice,515,PP515: Quantitative Quirks: Mastering Math Tricks,"Experience a paradigm shift in your learning journey, comprehensively covering topics from equations to probability through a completely distinct lens."
Mental Ability,Advanced,Novice,516,PP516: Number Wizardry: Tricks for Quantitative Success,"Embark on a journey that transforms your understanding, encompassing equations to probability with an innovative and unconventional approach."
Mental Ability,Advanced,Novice,517,PP517: Tricks of the Trade: Quantitative Math Mastery,"Unearth a novel methodology in mastering a spectrum ranging from equations to probability, offering a distinctive learning experience."
Mental Ability,Advanced,Novice,518,PP518: Math Magic: Quantitative Tricks Unveiled,Discover a fresh perspective as you delve into everything from equations to probability with an entirely unique approach.
Mental Ability,Advanced,Novice,519,PP519: Quantitative Quest: A Roadmap to Proficiency,Ace your Analytical Ability with Amazing Techniques!
Mental Ability,Advanced,Novice,520,PP520: Rapid Numerical Mastery Course,Develop your logical reasoning skills and IQ with me. Prepare yourself for banking and competitions
Mental Ability,Advanced,Developing,521,PP521: Quantitative Quasar: Excel with Ease,"Experience a paradigm shift in your learning journey, comprehensively covering topics from equations to probability through a completely distinct lens."
Mental Ability,Advanced,Developing,522,PP522: Aptitude Accelerated: Math Mastery Edition,"Embark on a journey that transforms your understanding, encompassing equations to probability with an innovative and unconventional approach."
Mental Ability,Advanced,Developing,523,PP523: Numbersmith Mastery: Quantitative TriumphNumbersmith Mastery: Quantitative Triumph,"Unearth a novel methodology in mastering a spectrum ranging from equations to probability, offering a distinctive learning experience."
Mental Ability,Advanced,Developing,524,PP524: Math Magicians: Aptitude Alchemy,Discover a fresh perspective as you delve into everything from equations to probability with an entirely unique approach.
Mental Ability,Advanced,Developing,525,PP525: Quantitative Proficiency Primer,Ace your Analytical Ability with Amazing Techniques!
Mental Ability,Advanced,Developing,526,PP526: Aptitude Advancement Accelerator,Develop your logical reasoning skills and IQ with me. Prepare yourself for banking and competitions
Mental Ability,Advanced,Developing,527,PP527: Number Sense Pro: Aptitude Domination,Ace your Analytical Ability with Amazing Techniques!
Mental Ability,Advanced,Developing,528,PP528: Quantitative Quotient Quest,Develop your logical reasoning skills and IQ with me. Prepare yourself for banking and competitions
Mental Ability,Advanced,Developing,529,PP529: Mastering Math: Quantitative Essentials,"Experience a paradigm shift in your learning journey, comprehensively covering topics from equations to probability through a completely distinct lens."
Mental Ability,Advanced,Developing,530,PP530: Crunching Numbers: Aptitude Accelerator,"Embark on a journey that transforms your understanding, encompassing equations to probability with an innovative and unconventional approach."
Mental Ability,Advanced,Proficient,531,PP531: Quantitative Brilliance Blueprint,"Unearth a novel methodology in mastering a spectrum ranging from equations to probability, offering a distinctive learning experience."
Mental Ability,Advanced,Proficient,532,PP532: Math Maestros: Aptitude Unlocked,Discover a fresh perspective as you delve into everything from equations to probability with an entirely unique approach.
Mental Ability,Advanced,Proficient,533,PP533: Number Crunching Prodigy Course,Ace your Analytical Ability with Amazing Techniques!
Mental Ability,Advanced,Proficient,534,PP534: Rapid Math Mastery: Aptitude Unleashed,Develop your logical reasoning skills and IQ with me. Prepare yourself for banking and competitions
Mental Ability,Advanced,Proficient,535,PP535: Quantitative Excellence Demystified,"Experience a paradigm shift in your learning journey, comprehensively covering topics from equations to probability through a completely distinct lens."
Mental Ability,Advanced,Proficient,536,PP536: Math Marvels: Quantitative Prowess,"Embark on a journey that transforms your understanding, encompassing equations to probability with an innovative and unconventional approach."
Mental Ability,Advanced,Proficient,537,PP537: Numbers Unleashed: Aptitude Mastery,"Unearth a novel methodology in mastering a spectrum ranging from equations to probability, offering a distinctive learning experience."
Mental Ability,Advanced,Proficient,538,PP538: Quantitative Wizardry: A Masterclass,Discover a fresh perspective as you delve into everything from equations to probability with an entirely unique approach.
Mental Ability,Advanced,Proficient,539,PP539: Reasoning Aptitude for Placements 2024 - Logical Reasoning,Ace your Analytical Ability with Amazing Techniques!
Mental Ability,Advanced,Proficient,540,PP540: Mental Aptitude Logical Reasoning Bank & Competitive Exams,Develop your logical reasoning skills and IQ with me. Prepare yourself for banking and competitions
Reflective,Basic,Novice,541,PP541,None
Reflective,Basic,Novice,542,PP542,None
Reflective,Basic,Novice,543,PP543,None
Reflective,Basic,Novice,544,PP544,None
Reflective,Basic,Novice,545,PP545,None
Reflective,Basic,Novice,546,PP546,None
Reflective,Basic,Novice,547,PP547,None
Reflective,Basic,Novice,548,PP548,None
Reflective,Basic,Novice,549,PP549,None
Reflective,Basic,Novice,550,PP550,None
Reflective,Basic,Developing,551,PP551,None
Reflective,Basic,Developing,552,PP552,None
Reflective,Basic,Developing,553,PP553,None
Reflective,Basic,Developing,554,PP554,None
Reflective,Basic,Developing,555,PP555,None
Reflective,Basic,Developing,556,PP556,None
Reflective,Basic,Developing,557,PP557,None
Reflective,Basic,Developing,558,PP558,None
Reflective,Basic,Developing,559,PP559,None
Reflective,Basic,Developing,560,PP560,None
Reflective,Basic,Proficient,561,PP561,None
Reflective,Basic,Proficient,562,PP562,None
Reflective,Basic,Proficient,563,PP563,None
Reflective,Basic,Proficient,564,PP564,None
Reflective,Basic,Proficient,565,PP565,None
Reflective,Basic,Proficient,566,PP566,None
Reflective,Basic,Proficient,567,PP567,None
Reflective,Basic,Proficient,568,PP568,None
Reflective,Basic,Proficient,569,PP569,None
Reflective,Basic,Proficient,570,PP570,None
Reflective,Advanced,Novice,571,PP571,None
Reflective,Advanced,Novice,572,PP572,None
Reflective,Advanced,Novice,573,PP573,None
Reflective,Advanced,Novice,574,PP574,None
Reflective,Advanced,Novice,575,PP575,None
Reflective,Advanced,Novice,576,PP576,None
Reflective,Advanced,Novice,577,PP577,None
Reflective,Advanced,Novice,578,PP578,None
Reflective,Advanced,Novice,579,PP579,None
Reflective,Advanced,Novice,580,PP580,None
Reflective,Advanced,Developing,581,PP581,None
Reflective,Advanced,Developing,582,PP582,None
Reflective,Advanced,Developing,583,PP583,None
Reflective,Advanced,Developing,584,PP584,None
Reflective,Advanced,Developing,585,PP585,None
Reflective,Advanced,Developing,586,PP586,None
Reflective,Advanced,Developing,587,PP587,None
Reflective,Advanced,Developing,588,PP588,None
Reflective,Advanced,Developing,589,PP589,None
Reflective,Advanced,Developing,590,PP590,None
Reflective,Advanced,Proficient,591,PP591,None
Reflective,Advanced,Proficient,592,PP592,None
Reflective,Advanced,Proficient,593,PP593,None
Reflective,Advanced,Proficient,594,PP594,None
Reflective,Advanced,Proficient,595,PP595,None
Reflective,Advanced,Proficient,596,PP596,None
Reflective,Advanced,Proficient,597,PP597,None
Reflective,Advanced,Proficient,598,PP598,None
Reflective,Advanced,Proficient,599,PP599,None
Reflective,Advanced,Proficient,600,PP600,None
Curiosity and creativity,Basic,Novice,601,PP601,None
Curiosity and creativity,Basic,Novice,602,PP602,None
Curiosity and creativity,Basic,Novice,603,PP603,None
Curiosity and creativity,Basic,Novice,604,PP604,None
Curiosity and creativity,Basic,Novice,605,PP605,None
Curiosity and creativity,Basic,Novice,606,PP606,None
Curiosity and creativity,Basic,Novice,607,PP607,None
Curiosity and creativity,Basic,Novice,608,PP608,None
Curiosity and creativity,Basic,Novice,609,PP609,None
Curiosity and creativity,Basic,Novice,610,PP610,None
Curiosity and creativity,Basic,Developing,611,PP611,None
Curiosity and creativity,Basic,Developing,612,PP612,None
Curiosity and creativity,Basic,Developing,613,PP613,None
Curiosity and creativity,Basic,Developing,614,PP614,None
Curiosity and creativity,Basic,Developing,615,PP615,None
Curiosity and creativity,Basic,Developing,616,PP616,None
Curiosity and creativity,Basic,Developing,617,PP617,None
Curiosity and creativity,Basic,Developing,618,PP618,None
Curiosity and creativity,Basic,Developing,619,PP619,None
Curiosity and creativity,Basic,Developing,620,PP620,None
Curiosity and creativity,Basic,Proficient,621,PP621,None
Curiosity and creativity,Basic,Proficient,622,PP622,None
Curiosity and creativity,Basic,Proficient,623,PP623,None
Curiosity and creativity,Basic,Proficient,624,PP624,None
Curiosity and creativity,Basic,Proficient,625,PP625,None
Curiosity and creativity,Basic,Proficient,626,PP626,None
Curiosity and creativity,Basic,Proficient,627,PP627,None
Curiosity and creativity,Basic,Proficient,628,PP628,None
Curiosity and creativity,Basic,Proficient,629,PP629,None
Curiosity and creativity,Basic,Proficient,630,PP630,None
Curiosity and creativity,Advanced,Novice,631,PP631,None
Curiosity and creativity,Advanced,Novice,632,PP632,None
Curiosity and creativity,Advanced,Novice,633,PP633,None
Curiosity and creativity,Advanced,Novice,634,PP634,None
Curiosity and creativity,Advanced,Novice,635,PP635,None
Curiosity and creativity,Advanced,Novice,636,PP636,None
Curiosity and creativity,Advanced,Novice,637,PP637,None
Curiosity and creativity,Advanced,Novice,638,PP638,None
Curiosity and creativity,Advanced,Novice,639,PP639,None
Curiosity and creativity,Advanced,Novice,640,PP640,None
Curiosity and creativity,Advanced,Developing,641,PP641,None
Curiosity and creativity,Advanced,Developing,642,PP642,None
Curiosity and creativity,Advanced,Developing,643,PP643,None
Curiosity and creativity,Advanced,Developing,644,PP644,None
Curiosity and creativity,Advanced,Developing,645,PP645,None
Curiosity and creativity,Advanced,Developing,646,PP646,None
Curiosity and creativity,Advanced,Developing,647,PP647,None
Curiosity and creativity,Advanced,Developing,648,PP648,None
Curiosity and creativity,Advanced,Developing,649,PP649,None
Curiosity and creativity,Advanced,Developing,650,PP650,None
Curiosity and creativity,Advanced,Proficient,651,PP651,None
Curiosity and creativity,Advanced,Proficient,652,PP652,None
Curiosity and creativity,Advanced,Proficient,653,PP653,None
Curiosity and creativity,Advanced,Proficient,654,PP654,None
Curiosity and creativity,Advanced,Proficient,655,PP655,None
Curiosity and creativity,Advanced,Proficient,656,PP656,None
Curiosity and creativity,Advanced,Proficient,657,PP657,None
Curiosity and creativity,Advanced,Proficient,658,PP658,None
Curiosity and creativity,Advanced,Proficient,659,PP659,None
Curiosity and creativity,Advanced,Proficient,660,PP660,None
CollaboratIion,Basic,Novice,661,PP661,None
CollaboratIion,Basic,Novice,662,PP662,None
CollaboratIion,Basic,Novice,663,PP663,None
CollaboratIion,Basic,Novice,664,PP664,None
CollaboratIion,Basic,Novice,665,PP665,None
CollaboratIion,Basic,Novice,666,PP666,None
CollaboratIion,Basic,Novice,667,PP667,None
CollaboratIion,Basic,Novice,668,PP668,None
CollaboratIion,Basic,Novice,669,PP669,None
CollaboratIion,Basic,Novice,670,PP670,None
CollaboratIion,Basic,Developing,671,PP671,None
CollaboratIion,Basic,Developing,672,PP672,None
CollaboratIion,Basic,Developing,673,PP673,None
CollaboratIion,Basic,Developing,674,PP674,None
CollaboratIion,Basic,Developing,675,PP675,None
CollaboratIion,Basic,Developing,676,PP676,None
CollaboratIion,Basic,Developing,677,PP677,None
CollaboratIion,Basic,Developing,678,PP678,None
CollaboratIion,Basic,Developing,679,PP679,None
CollaboratIion,Basic,Developing,680,PP680,None
CollaboratIion,Basic,Proficient,681,PP681,None
CollaboratIion,Basic,Proficient,682,PP682,None
CollaboratIion,Basic,Proficient,683,PP683,None
CollaboratIion,Basic,Proficient,684,PP684,None
CollaboratIion,Basic,Proficient,685,PP685,None
CollaboratIion,Basic,Proficient,686,PP686,None
CollaboratIion,Basic,Proficient,687,PP687,None
CollaboratIion,Basic,Proficient,688,PP688,None
CollaboratIion,Basic,Proficient,689,PP689,None
CollaboratIion,Basic,Proficient,690,PP690,None
CollaboratIion,Advanced,Novice,691,PP691,None
CollaboratIion,Advanced,Novice,692,PP692,None
CollaboratIion,Advanced,Novice,693,PP693,None
CollaboratIion,Advanced,Novice,694,PP694,None
CollaboratIion,Advanced,Novice,695,PP695,None
CollaboratIion,Advanced,Novice,696,PP696,None
CollaboratIion,Advanced,Novice,697,PP697,None
CollaboratIion,Advanced,Novice,698,PP698,None
CollaboratIion,Advanced,Novice,699,PP699,None
CollaboratIion,Advanced,Novice,700,PP700,None
CollaboratIion,Advanced,Developing,701,PP701,None
CollaboratIion,Advanced,Developing,702,PP702,None
CollaboratIion,Advanced,Developing,703,PP703,None
CollaboratIion,Advanced,Developing,704,PP704,None
CollaboratIion,Advanced,Developing,705,PP705,None
CollaboratIion,Advanced,Developing,706,PP706,None
CollaboratIion,Advanced,Developing,707,PP707,None
CollaboratIion,Advanced,Developing,708,PP708,None
CollaboratIion,Advanced,Developing,709,PP709,None
CollaboratIion,Advanced,Developing,710,PP710,None
CollaboratIion,Advanced,Proficient,711,PP711,None
CollaboratIion,Advanced,Proficient,712,PP712,None
CollaboratIion,Advanced,Proficient,713,PP713,None
CollaboratIion,Advanced,Proficient,714,PP714,None
CollaboratIion,Advanced,Proficient,715,PP715,None
CollaboratIion,Advanced,Proficient,716,PP716,None
CollaboratIion,Advanced,Proficient,717,PP717,None
CollaboratIion,Advanced,Proficient,718,PP718,None
CollaboratIion,Advanced,Proficient,719,PP719,None
CollaboratIion,Advanced,Proficient,720,PP720,None
Critical Thinking,Basic,Novice,721,PP721,None
Critical Thinking,Basic,Novice,722,PP722,None
Critical Thinking,Basic,Novice,723,PP723,None
Critical Thinking,Basic,Novice,724,PP724,None
Critical Thinking,Basic,Novice,725,PP725,None
Critical Thinking,Basic,Novice,726,PP726,None
Critical Thinking,Basic,Novice,727,PP727,None
Critical Thinking,Basic,Novice,728,PP728,None
Critical Thinking,Basic,Novice,729,PP729,None
Critical Thinking,Basic,Novice,730,PP730,None
Critical Thinking,Basic,Developing,731,PP731,None
Critical Thinking,Basic,Developing,732,PP732,None
Critical Thinking,Basic,Developing,733,PP733,None
Critical Thinking,Basic,Developing,734,PP734,None
Critical Thinking,Basic,Developing,735,PP735,None
Critical Thinking,Basic,Developing,736,PP736,None
Critical Thinking,Basic,Developing,737,PP737,None
Critical Thinking,Basic,Developing,738,PP738,None
Critical Thinking,Basic,Developing,739,PP739,None
Critical Thinking,Basic,Developing,740,PP740,None
Critical Thinking,Basic,Proficient,741,PP741,None
Critical Thinking,Basic,Proficient,742,PP742,None
Critical Thinking,Basic,Proficient,743,PP743,None
Critical Thinking,Basic,Proficient,744,PP744,None
Critical Thinking,Basic,Proficient,745,PP745,None
Critical Thinking,Basic,Proficient,746,PP746,None
Critical Thinking,Basic,Proficient,747,PP747,None
Critical Thinking,Basic,Proficient,748,PP748,None
Critical Thinking,Basic,Proficient,749,PP749,None
Critical Thinking,Basic,Proficient,750,PP750,None
Critical Thinking,Advanced,Novice,751,PP751,None
Critical Thinking,Advanced,Novice,752,PP752,None
Critical Thinking,Advanced,Novice,753,PP753,None
Critical Thinking,Advanced,Novice,754,PP754,None
Critical Thinking,Advanced,Novice,755,PP755,None
Critical Thinking,Advanced,Novice,756,PP756,None
Critical Thinking,Advanced,Novice,757,PP757,None
Critical Thinking,Advanced,Novice,758,PP758,None
Critical Thinking,Advanced,Novice,759,PP759,None
Critical Thinking,Advanced,Novice,760,PP760,None
Critical Thinking,Advanced,Developing,761,PP761,None
Critical Thinking,Advanced,Developing,762,PP762,None
Critical Thinking,Advanced,Developing,763,PP763,None
Critical Thinking,Advanced,Developing,764,PP764,None
Critical Thinking,Advanced,Developing,765,PP765,None
Critical Thinking,Advanced,Developing,766,PP766,None
Critical Thinking,Advanced,Developing,767,PP767,None
Critical Thinking,Advanced,Developing,768,PP768,None
Critical Thinking,Advanced,Developing,769,PP769,None
Critical Thinking,Advanced,Developing,770,PP770,None
Critical Thinking,Advanced,Proficient,771,PP771,None
Critical Thinking,Advanced,Proficient,772,PP772,None
Critical Thinking,Advanced,Proficient,773,PP773,None
Critical Thinking,Advanced,Proficient,774,PP774,None
Critical Thinking,Advanced,Proficient,775,PP775,None
Critical Thinking,Advanced,Proficient,776,PP776,None
Critical Thinking,Advanced,Proficient,777,PP777,None
Critical Thinking,Advanced,Proficient,778,PP778,None
Critical Thinking,Advanced,Proficient,779,PP779,None
Critical Thinking,Advanced,Proficient,780,PP780,None
Creative thinking,Basic,Novice,781,PP781,None
Creative thinking,Basic,Novice,782,PP782,None
Creative thinking,Basic,Novice,783,PP783,None
Creative thinking,Basic,Novice,784,PP784,None
Creative thinking,Basic,Novice,785,PP785,None
Creative thinking,Basic,Novice,786,PP786,None
Creative thinking,Basic,Novice,787,PP787,None
Creative thinking,Basic,Novice,788,PP788,None
Creative thinking,Basic,Novice,789,PP789,None
Creative thinking,Basic,Novice,790,PP790,None
Creative thinking,Basic,Developing,791,PP791,None
Creative thinking,Basic,Developing,792,PP792,None
Creative thinking,Basic,Developing,793,PP793,None
Creative thinking,Basic,Developing,794,PP794,None
Creative thinking,Basic,Developing,795,PP795,None
Creative thinking,Basic,Developing,796,PP796,None
Creative thinking,Basic,Developing,797,PP797,None
Creative thinking,Basic,Developing,798,PP798,None
Creative thinking,Basic,Developing,799,PP799,None
Creative thinking,Basic,Developing,800,PP800,None
Creative thinking,Basic,Proficient,801,PP801,None
Creative thinking,Basic,Proficient,802,PP802,None
Creative thinking,Basic,Proficient,803,PP803,None
Creative thinking,Basic,Proficient,804,PP804,None
Creative thinking,Basic,Proficient,805,PP805,None
Creative thinking,Basic,Proficient,806,PP806,None
Creative thinking,Basic,Proficient,807,PP807,None
Creative thinking,Basic,Proficient,808,PP808,None
Creative thinking,Basic,Proficient,809,PP809,None
Creative thinking,Basic,Proficient,810,PP810,None
Creative thinking,Advanced,Novice,811,PP811,None
Creative thinking,Advanced,Novice,812,PP812,None
Creative thinking,Advanced,Novice,813,PP813,None
Creative thinking,Advanced,Novice,814,PP814,None
Creative thinking,Advanced,Novice,815,PP815,None
Creative thinking,Advanced,Novice,816,PP816,None
Creative thinking,Advanced,Novice,817,PP817,None
Creative thinking,Advanced,Novice,818,PP818,None
Creative thinking,Advanced,Novice,819,PP819,None
Creative thinking,Advanced,Novice,820,PP820,None
Creative thinking,Advanced,Developing,821,PP821,None
Creative thinking,Advanced,Developing,822,PP822,None
Creative thinking,Advanced,Developing,823,PP823,None
Creative thinking,Advanced,Developing,824,PP824,None
Creative thinking,Advanced,Developing,825,PP825,None
Creative thinking,Advanced,Developing,826,PP826,None
Creative thinking,Advanced,Developing,827,PP827,None
Creative thinking,Advanced,Developing,828,PP828,None
Creative thinking,Advanced,Developing,829,PP829,None
Creative thinking,Advanced,Developing,830,PP830,None
Creative thinking,Advanced,Proficient,831,PP831,None
Creative thinking,Advanced,Proficient,832,PP832,None
Creative thinking,Advanced,Proficient,833,PP833,None
Creative thinking,Advanced,Proficient,834,PP834,None
Creative thinking,Advanced,Proficient,835,PP835,None
Creative thinking,Advanced,Proficient,836,PP836,None
Creative thinking,Advanced,Proficient,837,PP837,None
Creative thinking,Advanced,Proficient,838,PP838,None
Creative thinking,Advanced,Proficient,839,PP839,None
Creative thinking,Advanced,Proficient,840,PP840,None
Self-Management,Basic,Novice,841,PP841,None
Self-Management,Basic,Novice,842,PP842,None
Self-Management,Basic,Novice,843,PP843,None
Self-Management,Basic,Novice,844,PP844,None
Self-Management,Basic,Novice,845,PP845,None
Self-Management,Basic,Novice,846,PP846,None
Self-Management,Basic,Novice,847,PP847,None
Self-Management,Basic,Novice,848,PP848,None
Self-Management,Basic,Novice,849,PP849,None
Self-Management,Basic,Novice,850,PP850,None
Self-Management,Basic,Developing,851,PP851,None
Self-Management,Basic,Developing,852,PP852,None
Self-Management,Basic,Developing,853,PP853,None
Self-Management,Basic,Developing,854,PP854,None
Self-Management,Basic,Developing,855,PP855,None
Self-Management,Basic,Developing,856,PP856,None
Self-Management,Basic,Developing,857,PP857,None
Self-Management,Basic,Developing,858,PP858,None
Self-Management,Basic,Developing,859,PP859,None
Self-Management,Basic,Developing,860,PP860,None
Self-Management,Basic,Proficient,861,PP861,None
Self-Management,Basic,Proficient,862,PP862,None
Self-Management,Basic,Proficient,863,PP863,None
Self-Management,Basic,Proficient,864,PP864,None
Self-Management,Basic,Proficient,865,PP865,None
Self-Management,Basic,Proficient,866,PP866,None
Self-Management,Basic,Proficient,867,PP867,None
Self-Management,Basic,Proficient,868,PP868,None
Self-Management,Basic,Proficient,869,PP869,None
Self-Management,Basic,Proficient,870,PP870,None
Self-Management,Advanced,Novice,871,PP871,None
Self-Management,Advanced,Novice,872,PP872,None
Self-Management,Advanced,Novice,873,PP873,None
Self-Management,Advanced,Novice,874,PP874,None
Self-Management,Advanced,Novice,875,PP875,None
Self-Management,Advanced,Novice,876,PP876,None
Self-Management,Advanced,Novice,877,PP877,None
Self-Management,Advanced,Novice,878,PP878,None
Self-Management,Advanced,Novice,879,PP879,None
Self-Management,Advanced,Novice,880,PP880,None
Self-Management,Advanced,Developing,881,PP881,None
Self-Management,Advanced,Developing,882,PP882,None
Self-Management,Advanced,Developing,883,PP883,None
Self-Management,Advanced,Developing,884,PP884,None
Self-Management,Advanced,Developing,885,PP885,None
Self-Management,Advanced,Developing,886,PP886,None
Self-Management,Advanced,Developing,887,PP887,None
Self-Management,Advanced,Developing,888,PP888,None
Self-Management,Advanced,Developing,889,PP889,None
Self-Management,Advanced,Developing,890,PP890,None
Self-Management,Advanced,Proficient,891,PP891,None
Self-Management,Advanced,Proficient,892,PP892,None
Self-Management,Advanced,Proficient,893,PP893,None
Self-Management,Advanced,Proficient,894,PP894,None
Self-Management,Advanced,Proficient,895,PP895,None
Self-Management,Advanced,Proficient,896,PP896,None
Self-Management,Advanced,Proficient,897,PP897,None
Self-Management,Advanced,Proficient,898,PP898,None
Self-Management,Advanced,Proficient,899,PP899,None
Self-Management,Advanced,Proficient,900,PP900,None
Self-Awareness and Social Skills,Basic,Novice,901,PP901,None
Self-Awareness and Social Skills,Basic,Novice,902,PP902,None
Self-Awareness and Social Skills,Basic,Novice,903,PP903,None
Self-Awareness and Social Skills,Basic,Novice,904,PP904,None
Self-Awareness and Social Skills,Basic,Novice,905,PP905,None
Self-Awareness and Social Skills,Basic,Novice,906,PP906,None
Self-Awareness and Social Skills,Basic,Novice,907,PP907,None
Self-Awareness and Social Skills,Basic,Novice,908,PP908,None
Self-Awareness and Social Skills,Basic,Novice,909,PP909,None
Self-Awareness and Social Skills,Basic,Novice,910,PP910,None
Self-Awareness and Social Skills,Basic,Developing,911,PP911,None
Self-Awareness and Social Skills,Basic,Developing,912,PP912,None
Self-Awareness and Social Skills,Basic,Developing,913,PP913,None
Self-Awareness and Social Skills,Basic,Developing,914,PP914,None
Self-Awareness and Social Skills,Basic,Developing,915,PP915,None
Self-Awareness and Social Skills,Basic,Developing,916,PP916,None
Self-Awareness and Social Skills,Basic,Developing,917,PP917,None
Self-Awareness and Social Skills,Basic,Developing,918,PP918,None
Self-Awareness and Social Skills,Basic,Developing,919,PP919,None
Self-Awareness and Social Skills,Basic,Developing,920,PP920,None
Self-Awareness and Social Skills,Basic,Proficient,921,PP921,None
Self-Awareness and Social Skills,Basic,Proficient,922,PP922,None
Self-Awareness and Social Skills,Basic,Proficient,923,PP923,None
Self-Awareness and Social Skills,Basic,Proficient,924,PP924,None
Self-Awareness and Social Skills,Basic,Proficient,925,PP925,None
Self-Awareness and Social Skills,Basic,Proficient,926,PP926,None
Self-Awareness and Social Skills,Basic,Proficient,927,PP927,None
Self-Awareness and Social Skills,Basic,Proficient,928,PP928,None
Self-Awareness and Social Skills,Basic,Proficient,929,PP929,None
Self-Awareness and Social Skills,Basic,Proficient,930,PP930,None
Self-Awareness and Social Skills,Advanced,Novice,931,PP931,None
Self-Awareness and Social Skills,Advanced,Novice,932,PP932,None
Self-Awareness and Social Skills,Advanced,Novice,933,PP933,None
Self-Awareness and Social Skills,Advanced,Novice,934,PP934,None
Self-Awareness and Social Skills,Advanced,Novice,935,PP935,None
Self-Awareness and Social Skills,Advanced,Novice,936,PP936,None
Self-Awareness and Social Skills,Advanced,Novice,937,PP937,None
Self-Awareness and Social Skills,Advanced,Novice,938,PP938,None
Self-Awareness and Social Skills,Advanced,Novice,939,PP939,None
Self-Awareness and Social Skills,Advanced,Novice,940,PP940,None
Self-Awareness and Social Skills,Advanced,Developing,941,PP941,None
Self-Awareness and Social Skills,Advanced,Developing,942,PP942,None
Self-Awareness and Social Skills,Advanced,Developing,943,PP943,None
Self-Awareness and Social Skills,Advanced,Developing,944,PP944,None
Self-Awareness and Social Skills,Advanced,Developing,945,PP945,None
Self-Awareness and Social Skills,Advanced,Developing,946,PP946,None
Self-Awareness and Social Skills,Advanced,Developing,947,PP947,None
Self-Awareness and Social Skills,Advanced,Developing,948,PP948,None
Self-Awareness and Social Skills,Advanced,Developing,949,PP949,None
Self-Awareness and Social Skills,Advanced,Developing,950,PP950,None
Self-Awareness and Social Skills,Advanced,Proficient,951,PP951,None
Self-Awareness and Social Skills,Advanced,Proficient,952,PP952,None
Self-Awareness and Social Skills,Advanced,Proficient,953,PP953,None
Self-Awareness and Social Skills,Advanced,Proficient,954,PP954,None
Self-Awareness and Social Skills,Advanced,Proficient,955,PP955,None
Self-Awareness and Social Skills,Advanced,Proficient,956,PP956,None
Self-Awareness and Social Skills,Advanced,Proficient,957,PP957,None
Self-Awareness and Social Skills,Advanced,Proficient,958,PP958,None
Self-Awareness and Social Skills,Advanced,Proficient,959,PP959,None
Self-Awareness and Social Skills,Advanced,Proficient,960,PP960,None
Awareness of learning style,Basic,Novice,961,PP961,None
Awareness of learning style,Basic,Novice,962,PP962,None
Awareness of learning style,Basic,Novice,963,PP963,None
Awareness of learning style,Basic,Novice,964,PP964,None
Awareness of learning style,Basic,Novice,965,PP965,None
Awareness of learning style,Basic,Novice,966,PP966,None
Awareness of learning style,Basic,Novice,967,PP967,None
Awareness of learning style,Basic,Novice,968,PP968,None
Awareness of learning style,Basic,Novice,969,PP969,None
Awareness of learning style,Basic,Novice,970,PP970,None
Awareness of learning style,Basic,Developing,971,PP971,None
Awareness of learning style,Basic,Developing,972,PP972,None
Awareness of learning style,Basic,Developing,973,PP973,None
Awareness of learning style,Basic,Developing,974,PP974,None
Awareness of learning style,Basic,Developing,975,PP975,None
Awareness of learning style,Basic,Developing,976,PP976,None
Awareness of learning style,Basic,Developing,977,PP977,None
Awareness of learning style,Basic,Developing,978,PP978,None
Awareness of learning style,Basic,Developing,979,PP979,None
Awareness of learning style,Basic,Developing,980,PP980,None
Awareness of learning style,Basic,Proficient,981,PP981,None
Awareness of learning style,Basic,Proficient,982,PP982,None
Awareness of learning style,Basic,Proficient,983,PP983,None
Awareness of learning style,Basic,Proficient,984,PP984,None
Awareness of learning style,Basic,Proficient,985,PP985,None
Awareness of learning style,Basic,Proficient,986,PP986,None
Awareness of learning style,Basic,Proficient,987,PP987,None
Awareness of learning style,Basic,Proficient,988,PP988,None
Awareness of learning style,Basic,Proficient,989,PP989,None
Awareness of learning style,Basic,Proficient,990,PP990,None
Awareness of learning style,Advanced,Novice,991,PP991,None
Awareness of learning style,Advanced,Novice,992,PP992,None
Awareness of learning style,Advanced,Novice,993,PP993,None
Awareness of learning style,Advanced,Novice,994,PP994,None
Awareness of learning style,Advanced,Novice,995,PP995,None
Awareness of learning style,Advanced,Novice,996,PP996,None
Awareness of learning style,Advanced,Novice,997,PP997,None
Awareness of learning style,Advanced,Novice,998,PP998,None
Awareness of learning style,Advanced,Novice,999,PP999,None
Awareness of learning style,Advanced,Novice,1000,PP1000,None
Awareness of learning style,Advanced,Developing,1001,PP1001,None
Awareness of learning style,Advanced,Developing,1002,PP1002,None
Awareness of learning style,Advanced,Developing,1003,PP1003,None
Awareness of learning style,Advanced,Developing,1004,PP1004,None
Awareness of learning style,Advanced,Developing,1005,PP1005,None
Awareness of learning style,Advanced,Developing,1006,PP1006,None
Awareness of learning style,Advanced,Developing,1007,PP1007,None
Awareness of learning style,Advanced,Developing,1008,PP1008,None
Awareness of learning style,Advanced,Developing,1009,PP1009,None
Awareness of learning style,Advanced,Developing,1010,PP1010,None
Awareness of learning style,Advanced,Proficient,1011,PP1011,None
Awareness of learning style,Advanced,Proficient,1012,PP1012,None
Awareness of learning style,Advanced,Proficient,1013,PP1013,None
Awareness of learning style,Advanced,Proficient,1014,PP1014,None
Awareness of learning style,Advanced,Proficient,1015,PP1015,None
Awareness of learning style,Advanced,Proficient,1016,PP1016,None
Awareness of learning style,Advanced,Proficient,1017,PP1017,None
Awareness of learning style,Advanced,Proficient,1018,PP1018,None
Awareness of learning style,Advanced,Proficient,1019,PP1019,None
Awareness of learning style,Advanced,Proficient,1020,PP1020,None
Inventiveness and Problem solving,Basic,Novice,1021,PP1021,None
Inventiveness and Problem solving,Basic,Novice,1022,PP1022,None
Inventiveness and Problem solving,Basic,Novice,1023,PP1023,None
Inventiveness and Problem solving,Basic,Novice,1024,PP1024,None
Inventiveness and Problem solving,Basic,Novice,1025,PP1025,None
Inventiveness and Problem solving,Basic,Novice,1026,PP1026,None
Inventiveness and Problem solving,Basic,Novice,1027,PP1027,None
Inventiveness and Problem solving,Basic,Novice,1028,PP1028,None
Inventiveness and Problem solving,Basic,Novice,1029,PP1029,None
Inventiveness and Problem solving,Basic,Novice,1030,PP1030,None
Inventiveness and Problem solving,Basic,Developing,1031,PP1031,None
Inventiveness and Problem solving,Basic,Developing,1032,PP1032,None
Inventiveness and Problem solving,Basic,Developing,1033,PP1033,None
Inventiveness and Problem solving,Basic,Developing,1034,PP1034,None
Inventiveness and Problem solving,Basic,Developing,1035,PP1035,None
Inventiveness and Problem solving,Basic,Developing,1036,PP1036,None
Inventiveness and Problem solving,Basic,Developing,1037,PP1037,None
Inventiveness and Problem solving,Basic,Developing,1038,PP1038,None
Inventiveness and Problem solving,Basic,Developing,1039,PP1039,None
Inventiveness and Problem solving,Basic,Developing,1040,PP1040,None
Inventiveness and Problem solving,Basic,Proficient,1041,PP1041,None
Inventiveness and Problem solving,Basic,Proficient,1042,PP1042,None
Inventiveness and Problem solving,Basic,Proficient,1043,PP1043,None
Inventiveness and Problem solving,Basic,Proficient,1044,PP1044,None
Inventiveness and Problem solving,Basic,Proficient,1045,PP1045,None
Inventiveness and Problem solving,Basic,Proficient,1046,PP1046,None
Inventiveness and Problem solving,Basic,Proficient,1047,PP1047,None
Inventiveness and Problem solving,Basic,Proficient,1048,PP1048,None
Inventiveness and Problem solving,Basic,Proficient,1049,PP1049,None
Inventiveness and Problem solving,Basic,Proficient,1050,PP1050,None
Inventiveness and Problem solving,Advanced,Novice,1051,PP1051,None
Inventiveness and Problem solving,Advanced,Novice,1052,PP1052,None
Inventiveness and Problem solving,Advanced,Novice,1053,PP1053,None
Inventiveness and Problem solving,Advanced,Novice,1054,PP1054,None
Inventiveness and Problem solving,Advanced,Novice,1055,PP1055,None
Inventiveness and Problem solving,Advanced,Novice,1056,PP1056,None
Inventiveness and Problem solving,Advanced,Novice,1057,PP1057,None
Inventiveness and Problem solving,Advanced,Novice,1058,PP1058,None
Inventiveness and Problem solving,Advanced,Novice,1059,PP1059,None
Inventiveness and Problem solving,Advanced,Novice,1060,PP1060,None
Inventiveness and Problem solving,Advanced,Developing,1061,PP1061,None
Inventiveness and Problem solving,Advanced,Developing,1062,PP1062,None
Inventiveness and Problem solving,Advanced,Developing,1063,PP1063,None
Inventiveness and Problem solving,Advanced,Developing,1064,PP1064,None
Inventiveness and Problem solving,Advanced,Developing,1065,PP1065,None
Inventiveness and Problem solving,Advanced,Developing,1066,PP1066,None
Inventiveness and Problem solving,Advanced,Developing,1067,PP1067,None
Inventiveness and Problem solving,Advanced,Developing,1068,PP1068,None
Inventiveness and Problem solving,Advanced,Developing,1069,PP1069,None
Inventiveness and Problem solving,Advanced,Developing,1070,PP1070,None
Inventiveness and Problem solving,Advanced,Proficient,1071,PP1071,None
Inventiveness and Problem solving,Advanced,Proficient,1072,PP1072,None
Inventiveness and Problem solving,Advanced,Proficient,1073,PP1073,None
Inventiveness and Problem solving,Advanced,Proficient,1074,PP1074,None
Inventiveness and Problem solving,Advanced,Proficient,1075,PP1075,None
Inventiveness and Problem solving,Advanced,Proficient,1076,PP1076,None
Inventiveness and Problem solving,Advanced,Proficient,1077,PP1077,None
Inventiveness and Problem solving,Advanced,Proficient,1078,PP1078,None
Inventiveness and Problem solving,Advanced,Proficient,1079,PP1079,None
Inventiveness and Problem solving,Advanced,Proficient,1080,PP1080,None
